Workbook

Sheet Start Here
A1: Client Onboarding Form
A2: Job-application harness setup. Work through the tabs left to right; the tracker below fills in as you go. Return the file plus your resume PDFs when the bar reads 100%.
A4: How to fill this in
A5: 1. Yellow cells are required. They turn white once filled.
A6: 2. Blue text is yours. Grey italics are hints. Cells with a dropdown arrow have fixed choices.
A7: 3. Answer exactly as you want it to appear on applications. We apply your answers word for word and never guess.
A8: 4. Never write a password, one-time code or payment detail anywhere in this file.
A9: 5. Resumes: attach the PDFs to your reply email and list the exact file names on tab 3.
A10: 6. Not sure about a question? Leave it and write a note on tab 9; we will cover it in your setup call.
A12: Completion tracker
A13: Tab | B13: Required | C13: Filled | D13: Complete | E13: What it feeds
A14: 1 About You | B14: =1 + 1 + 1 + 1 + 1 + 1 + 1 + 1 + 1 + 1 + 1 + 1 + 1 | C14: =COUNTA('1 About You'!B5) + COUNTA('1 About You'!B7) + COUNTA('1 About You'!B8) + COUNTA('1 About You'!B9) + COUNTA('1 About You'!B10) + COUNTA('1 About You'!B11) + COUNTA('1 About You'!B15) + COUNTA('1 About You'!B20) + COUNTA('1 About You'!B21) + COUNTA('1 About You'!B22) + COUNTA('1 About You'!B23) + COUNTA('1 About You'!B24) + COUNTA('1 About You'!B26) | D14: =IF(B14=0,1,MIN(1,C14/B14)) | E14: Identity fields on every form
A15: 2 Work Authorization | B15: =1 + 1 + 1 + 1 + 1 + 1 | C15: =COUNTA('2 Work Authorization'!B5) + COUNTA('2 Work Authorization'!B7) + COUNTA('2 Work Authorization'!B8) + COUNTA('2 Work Authorization'!B11) + COUNTA('2 Work Authorization'!B12) + COUNTA('2 Work Authorization'!B13) | D15: =IF(B15=0,1,MIN(1,C15/B15)) | E15: Visa answers and the sponsorship filter
A16: 3 Resumes | B16: =ROWS('3 Resumes'!B6:B17) + ROWS('3 Resumes'!C6:C17) + ROWS('3 Resumes'!D6:D17) + 1 + 1 | C16: =COUNTA('3 Resumes'!B6:B17) + COUNTA('3 Resumes'!C6:C17) + COUNTA('3 Resumes'!D6:D17) + COUNTA('3 Resumes'!B20) + COUNTA('3 Resumes'!B22) | D16: =IF(B16=0,1,MIN(1,C16/B16)) | E16: Which resume is picked per job
A17: 4 Experience Matrix | B17: =ROWS('4 Experience Matrix'!B5:B34) + ROWS('4 Experience Matrix'!D5:D34) + ROWS('4 Experience Matrix'!B38:B43) + ROWS('4 Experience Matrix'!C38:C43) + ROWS('4 Experience Matrix'!D38:D43) + ROWS('4 Experience Matrix'!B47:B52) + ROWS('4 Experience Matrix'!C47:C52) | C17: =COUNTA('4 Experience Matrix'!B5:B34) + COUNTA('4 Experience Matrix'!D5:D34) + COUNTA('4 Experience Matrix'!B38:B43) + COUNTA('4 Experience Matrix'!C38:C43) + COUNTA('4 Experience Matrix'!D38:D43) + COUNTA('4 Experience Matrix'!B47:B52) + COUNTA('4 Experience Matrix'!C47:C52) | D17: =IF(B17=0,1,MIN(1,C17/B17)) | E17: Every 'years with X' answer
A18: 5 Target Roles | B18: =ROWS('5 Target Roles'!A5:A14) + ROWS('5 Target Roles'!B5:B14) + ROWS('5 Target Roles'!C5:C14) + ROWS('5 Target Roles'!D5:D14) + 1 + 1 | C18: =COUNTA('5 Target Roles'!A5:A14) + COUNTA('5 Target Roles'!B5:B14) + COUNTA('5 Target Roles'!C5:C14) + COUNTA('5 Target Roles'!D5:D14) + COUNTA('5 Target Roles'!B17) + COUNTA('5 Target Roles'!B19) | D18: =IF(B18=0,1,MIN(1,C18/B18)) | E18: Job searches and company sweeps
A19: 6 Preferences | B19: =1 + 1 + 1 + 1 + 1 + 1 + 1 + 1 + 1 + 1 | C19: =COUNTA('6 Preferences'!B5) + COUNTA('6 Preferences'!B6) + COUNTA('6 Preferences'!B7) + COUNTA('6 Preferences'!B8) + COUNTA('6 Preferences'!B11) + COUNTA('6 Preferences'!B12) + COUNTA('6 Preferences'!B13) + COUNTA('6 Preferences'!B17) + COUNTA('6 Preferences'!B21) + COUNTA('6 Preferences'!B22) | D19: =IF(B19=0,1,MIN(1,C19/B19)) | E19: Hard filters: location, type, pay
A20: 7 Screening Answers | B20: =1 + 1 + 1 + 1 + 1 + 1 + 1 + 1 + 1 + 1 + 1 + 1 + 1 + 1 + 1 + 1 + 1 + 1 + 1 + 1 + 1 + 1 + 1 + 1 + 1 | C20: =COUNTA('7 Screening Answers'!C5) + COUNTA('7 Screening Answers'!C6) + COUNTA('7 Screening Answers'!C7) + COUNTA('7 Screening Answers'!C8) + COUNTA('7 Screening Answers'!C9) + COUNTA('7 Screening Answers'!C10) + COUNTA('7 Screening Answers'!C11) + COUNTA('7 Screening Answers'!C12) + COUNTA('7 Screening Answers'!C13) + COUNTA('7 Screening Answers'!C14) + COUNTA('7 Screening Answers'!C15) + COUNTA('7 Screening Answers'!C16) + COUNTA('7 Screening Answers'!C17) + COUNTA('7 Screening Answers'!C18) + COUNTA('7 Screening Answers'!C19) + COUNTA('7 Screening Answers'!C20) + COUNTA('7 Screening Answers'!C21) + COUNTA('7 Screening Answers'!C22) + COUNTA('7 Screening Answers'!C23) + COUNTA('7 Screening Answers'!C24) + COUNTA('7 Screening Answers'!C25) + COUNTA('7 Screening Answers'!C26) + COUNTA('7 Screening Answers'!C27) + COUNTA('7 Screening Answers'!C28) + COUNTA('7 Screening Answers'!C31) | D20: =IF(B20=0,1,MIN(1,C20/B20)) | E20: Reused on every application
A21: 8 Accounts & Connections | B21: =ROWS('8 Accounts & Connections'!B6:B13) + 1 + 1 + 1 + 1 + 1 + 1 + 1 + 1 + 1 | C21: =COUNTA('8 Accounts & Connections'!B6:B13) + COUNTA('8 Accounts & Connections'!B16) + COUNTA('8 Accounts & Connections'!B17) + COUNTA('8 Accounts & Connections'!B18) + COUNTA('8 Accounts & Connections'!B19) + COUNTA('8 Accounts & Connections'!B22) + COUNTA('8 Accounts & Connections'!B23) + COUNTA('8 Accounts & Connections'!B24) + COUNTA('8 Accounts & Connections'!B27) + COUNTA('8 Accounts & Connections'!B28) | D21: =IF(B21=0,1,MIN(1,C21/B21)) | E21: Portals, mailbox, Muse setup
A22: 9 Automation Settings | B22: =1 + 1 + 1 + 1 + 1 + 1 + 1 + 1 + 1 + 1 + 1 + 1 + 1 + 1 + 1 | C22: =COUNTA('9 Automation Settings'!B5) + COUNTA('9 Automation Settings'!B6) + COUNTA('9 Automation Settings'!B7) + COUNTA('9 Automation Settings'!B8) + COUNTA('9 Automation Settings'!B11) + COUNTA('9 Automation Settings'!B12) + COUNTA('9 Automation Settings'!B13) + COUNTA('9 Automation Settings'!B14) + COUNTA('9 Automation Settings'!B15) + COUNTA('9 Automation Settings'!B16) + COUNTA('9 Automation Settings'!B17) + COUNTA('9 Automation Settings'!B21) + COUNTA('9 Automation Settings'!B22) + COUNTA('9 Automation Settings'!B23) + COUNTA('9 Automation Settings'!B24) | D22: =IF(B22=0,1,MIN(1,C22/B22)) | E22: Caps, auto-send rules, alerts
A23: 10 Sign-off | B23: =1 + 1 + 1 + 1 + 1 + 1 + 1 + 1 + 1 | C23: =COUNTA('10 Sign-off'!B4) + COUNTA('10 Sign-off'!B5) + COUNTA('10 Sign-off'!B6) + COUNTA('10 Sign-off'!B7) + COUNTA('10 Sign-off'!B8) + COUNTA('10 Sign-off'!B9) + COUNTA('10 Sign-off'!B10) + COUNTA('10 Sign-off'!B12) + COUNTA('10 Sign-off'!B13) | D23: =IF(B23=0,1,MIN(1,C23/B23)) | E23: Go-live authorization
A24: Overall | B24: =SUM(B14:B23) | C24: =SUM(C14:C23) | D24: =IF(B24=0,1,MIN(1,C24/B24))
A26: Required counts include table rows you may not need (for example 12 resume slots). 100% is not necessary on those tabs; fill what applies and the setup call covers the rest.
A27: Privacy: this file stays in your Muse environment and ours. It never asks for credentials; those you enter yourself in Muse's secure vault.

Sheet Lists
A1: YesNo | B1: YesNoPrefer | C1: Timezone | D1: EmpStatus | E1: WorkAuth | F1: Sponsorship | G1: H1BGate | H1: Relocate | I1: WorkMode | J1: EmpType | K1: Travel | L1: Seniority | M1: RoleFamily | N1: Industry | O1: Tier | P1: SkillCategory | Q1: Education | R1: Salary | S1: AcctStatus | T1: Mailbox | U1: SendMode | V1: Notify | W1: Contact | X1: Hours | Y1: Priority | Z1: Veteran | AA1: Race | AB1: MuseAcct
A2: Yes | B2: Yes | C2: US Eastern | D2: Employed full-time | E2: US citizen | F2: No | G2: Only apply to companies with sponsorship history (strict) | H2: Yes - anywhere in the US | I2: Remote only | J2: Full-time only | K2: 0% | L2: Junior | M2: Data Engineer | N2: Fintech | O2: Tier 1 (large well-known) | P2: Language | Q2: High school | R2: Negotiable (recommended) | S2: Active | T2: Outlook (recommended) | U2: Send automatically | V2: Daily summary only | W2: Email | X2: Any time | Y2: 1 | Z2: Not a veteran | AA2: Prefer not to say | AB2: Yes - I have one
A3: No | B3: No | C3: US Central | D3: Employed on contract | E3: Green card | F3: Yes - now | G3: Prefer sponsors but apply everywhere (recommended) | H3: Yes - selected cities only | I3: Remote preferred, hybrid OK | J3: Full-time + W2 contract | K3: Up to 10% | L3: Mid | M3: Data Architect | N3: Healthcare | O3: Tier 2 (mid-size / growth) | P3: Cloud | Q3: Associate | R3: Enter 0 if the form requires a number | S3: Need to create | T3: Gmail | U3: Draft for my approval | V3: Daily summary + urgent items | W3: Text / SMS | X3: Business hours only (my timezone) | Y3: 2 | Z3: Veteran | AA3: Will answer myself on each form | AB3: No - please create one for me
B4: Prefer not to say | C4: US Mountain | D4: Notice period | E4: H-1B | F4: Yes - in the future | G4: Ignore sponsorship history | H4: No | I4: Hybrid | J4: Full-time + W2 + C2C | K4: Up to 25% | L4: Senior | M4: Analytics Engineer | N4: Energy | O4: Tier 3 (startups) | P4: Data platform | Q4: Bachelor's | R4: State my minimum | S4: Do not use | T4: Other | U4: Never | V4: Every run | W4: WhatsApp | X4: Evenings and weekends only | Y4: 3 | Z4: Prefer not to say | AB4: No - I will create one
C5: US Pacific | D5: Between roles | E5: H-1B (transfer needed) | F5: Not sure | I5: On-site OK | J5: Contract only | K5: Up to 50% | L5: Staff / Principal | M5: Data Scientist | N5: Retail / E-commerce | O5: Any | P5: Database | Q5: Master's | R5: Skip the question | V5: Only when I ask | W5: Phone call | Y5: 4
C6: US Alaska | D6: Student / recent graduate | E6: L-1 | I6: No preference | K6: Any | L6: Lead / Manager | M6: ML Engineer | N6: SaaS / Tech | P6: AI / ML | Q6: PhD | W6: Muse chat | Y6: 5
C7: US Hawaii | E7: F-1 OPT | L7: Director+ | M7: AI / GenAI Engineer | N7: Consulting | P7: Orchestration | Q7: Prefer not to say | Y7: 6
C8: Other | E8: F-1 STEM OPT | M8: AI Architect | N8: Manufacturing | P8: BI / Analytics | Y8: 7
E9: TN | M9: Solutions Architect | N9: Logistics | P9: DevOps | Y9: 8
E10: EAD (other) | M10: Backend Engineer | N10: Media | P10: Domain | Y10: 9
E11: Other | M11: Full-stack Engineer | N11: Government | P11: Other | Y11: 10
M12: DevOps / Platform | N12: Any
M13: Product Manager
M14: Other

Sheet 1 About You
A1: About you
A2: Who you are and how we reach you. Yellow cells are required; blue text is yours to type. Cells with a dropdown arrow have fixed choices.
A4: Identity
A5: Full name (exactly as on your resume)
A6: Preferred first name
A7: Phone (with country code)
A8: Personal email (for our updates to you)
A9: City
A10: State
A11: Timezone
A12: Street address (used only when a form requires it) | C12: Optional. Some portals make address mandatory; we never share it elsewhere.
A14: Online presence
A15: LinkedIn profile URL
A16: GitHub / portfolio URL
A17: Personal website
A19: Current situation
A20: Current or most recent job title
A21: Current or most recent employer
A22: Employment status
A23: Total years of professional experience | C23: A whole number. We never claim more than this on any form.
A24: Earliest start date (YYYY-MM-DD)
A25: Notice period
A26: Headline we may use in messages (one line) | C26: How you would describe yourself to a recruiter in one sentence.

Sheet 2 Work Authorization
A1: Work authorization and sponsorship
A2: This drives which companies we target and how we answer visa questions. Answer once; we apply it everywhere, exactly as written.
A4: Status
A5: Current work authorization
A6: Authorization or visa expiry (YYYY-MM-DD)
A7: Will you need sponsorship now or in the future?
A8: Standard sentence we may use about sponsorship | C8: Written in your words. We paste this, unchanged, when a recruiter asks.
A10: How strict should we be?
A11: Sponsorship-history filter | C11: We hold public USCIS sponsorship data. 'Strict' skips companies with no sponsorship history; 'Prefer' ranks them lower but still applies.
A12: Apply to postings that do not mention sponsorship?
A13: Skip postings that say 'no sponsorship' / citizens only / clearance? | C13: We recommend Yes. These are hard rejections on the employer side.
A14: Anything else about your immigration situation we must respect

Sheet 3 Resumes
A1: Your resumes
A2: List every version you use. Attach the actual PDFs when you return this form and write the exact file names so we can match them. We tag each one so the right version is picked for each job.
A3: Rules we follow: we only ever reorder, reword or trim what is already in a resume. We never add employers, titles, tools, dates or numbers that are not in your file. The upload name on every portal is standardized to <Your Name>_Resume.pdf.
A5: # | B5: Resume label | C5: File name (as attached) | D5: Best for which role family | E5: Industry tags (comma separated) | F5: Last updated (YYYY-MM) | G5: Primary? | H5: Notes
A6: 1
A7: 2
A8: 3
A9: 4
A10: 5
A11: 6
A12: 7
A13: 8
A14: 9
A15: 10
A16: 11
A17: 12
A19: Resume preferences
A20: Standard upload file name we should use
A21: Phrases you never want in a resume (comma separated)
A22: May we adjust the summary line to match each job title?

Sheet 4 Experience Matrix
A1: Experience matrix (the truth table)
A2: Every 'years of experience with X' question is answered from this table and nothing else. Whole numbers, rounded down. If a skill is not here, we answer 0 or skip.
A4: # | B4: Skill / tool / platform | C4: Category | D4: Years (whole) | E4: Where you used it (employer or project)
A5: 1 | B5: Python | C5: Language | D5: 9 | E5: All roles since 2017
A6: 2
A7: 3
A8: 4
A9: 5
A10: 6
A11: 7
A12: 8
A13: 9
A14: 10
A15: 11
A16: 12
A17: 13
... A34: 30
A36: Employment history (for truthful dates and titles)
A37: #
A38: 1
A39: 2
A40: 3
A41: 4
A42: 5
A43: 6
A45: Education and certifications
A46: #
A47: 1
A48: 2
A49: 3
A50: 4
A51: 5
A52: 6

Sheet 5 Target Roles
A1: Roles you are targeting
A2: Most wanted first. We search for these titles and the words recruiters use for them.
A4: Priority | B4: Job title | C4: Role family | D4: Seniority | E4: Target industries | F4: Keywords recruiters use for this | G4: Titles to avoid
A5: 1 | B5: Senior Data Engineer | C5: Data Engineer | D5: Senior | E5: Energy, Fintech, SaaS / Tech | F5: lakehouse, Databricks, Snowflake, dbt, Airflow, AWS | G5: Data Analyst, BI Developer

Sheet 6 Preferences
A1: Location, employment and pay preferences
A2: These become hard filters. Anything outside them is skipped automatically.
A4: Location
A5: Work mode
A6: Open to relocation?
A7: Preferred cities / metros (comma separated) | C7: Used for on-site and hybrid roles.
A8: US only?
A10: Employment type
A11: Employment types you will accept
A12: Apply through staffing agencies / consultancies?
A13: Maximum travel
A15: Compensation
A16: Minimum base salary (USD, or leave blank for none) | C16: Leave blank to let us apply without a floor and evaluate offers later.
A17: When a form asks for desired salary
A18: If a form requires a number, what should we enter? | C18: Many portals reject blanks; 0 or your minimum.
A20: Timing
A21: Earliest start date (YYYY-MM-DD)
A22: Interview availability windows (your timezone) | C22: We share windows, never a single binding time, unless you approve it.

Sheet 7 Screening Answers
A1: Standard screening answers
A2: Employers ask these on almost every application. Answer once; we apply the same answer every time. Anything not here is held for you; we never guess.
A4: # | B4: Question as employers phrase it | C4: Your standard answer | D4: Notes / exceptions
A5: 1 | B5: Are you legally authorized to work in the United States? | C5: Yes
A6: 2 | B6: Will you now or in the future require sponsorship?
A7: 3 | B7: Are you willing to relocate?
A8: 4 | B8: Are you willing to work on-site if required?
A9: 5 | B9: Percentage of travel you will accept
A10: 6 | B10: Willing to undergo a background check?
A11: 7 | B11: Willing to take a drug test?
A12: 8 | B12: Highest level of education completed
A13: 9 | B13: Enter graduation years on forms?
A14: 10 | B14: Subject to a non-compete or restrictive covenant?
A15: 11 | B15: Do you hold a valid driver's license?
A16: 12 | B16: Are you 18 or older?
A17: 13 | B17: Have you previously worked for this company? (default)
... A28: 24 | B28: Languages spoken
A30: Free-text questions
B31: Essay-type questions ("why us", "describe a project")

Sheet 8 Accounts & Connections
A1: Accounts and connections
A2: Identifiers only. NEVER write a password, one-time code or payment detail in this file. When we need to sign in, you approve it from your own Muse account.
A4: Job portals
A5: Platform | B5: Status | C5: Email / username on the account | D5: Profile URL | E5: 2FA on? | F5: Notes
A6: LinkedIn
A7: Indeed
A8: Dice
A9: Glassdoor
A10: ZipRecruiter
A11: Wellfound
A15: Job-search mailbox (dedicated, recommended)
A16: Mailbox we should scan and reply from
A17: Address of that mailbox
A18: Is it already created?
A19: Personal mailbox we must NEVER scan
A21: Muse account
... A28: Should new accounts use one standard password you set in your Muse vault?

Sheet 9 Automation Settings
A1: How the automation should behave
A2: Pacing, what sends automatically, and what waits for you. You can change any of these later; we recompile the schedules.
A4: Pacing
A5: Maximum applications per day | C5: Recommended 15-30. Quality gates do the filtering; this is pacing.
A6: Maximum applications per run | C6: Recommended 10.
A7: Hours we may operate
A8: LinkedIn actions per hour (views, comments, messages) | C8: Recommended 20 or fewer to protect the account.
A10: What sends without asking you
A11: Routine email replies to recruiters (thanks, interest, sponsorship line)
A12: Interview scheduling replies (availability windows only)
A13: Resume requests by email
A14: Follow-up nudges on quiet applications
A15: LinkedIn replies to recruiters
A16: LinkedIn outreach to hiring managers
A17: Declining contract / C2C pitches
A18: Always held for you regardless of the above: salary numbers, a single binding call time, exclusivity, documents beyond your resume, sensitive-data requests, anything that looks like a scam.
A20: Notifications
A21: How often do you want updates?
A22: Best channel for quick questions
... A28: Anything else about tone or style in messages

Sheet 10 Sign-off
A1: Confirm and return
A2: Read each line, pick Yes, add your name and date. This is what we build from.
A4: Everything in this form is true and I have not inflated years, titles or skills.
A5: I have attached the resume files named on the Resumes tab.
A6: I understand nothing is submitted anywhere until the shadow week ends and I approve go-live.
A7: I understand the automation acts on my accounts under the caps on the Automation Settings tab.
A8: I understand automated LinkedIn activity carries platform-policy risk and I accept it.
A9: I will tell you if I get an offer, accept a role or want everything paused ('Wait' stops all activity).
A10: I have not written any password, code or payment detail anywhere in this file.
A12: Your name
A13: Date (YYYY-MM-DD)
